timestamp,cpm,is_anomaly
2011/7/9 9:15,0.722730242,TRUE
2011/7/9 15:15,0.672810393,FALSE
2011/7/9 17:15,0.730694413,FALSE
2011/7/9 18:15,1.106596585,FALSE
2011/7/9 19:15,0.951126681,FALSE
2011/7/9 20:15,0.866127004,FALSE
2011/7/9 21:15,0.822021986,FALSE
2011/7/9 22:15,1.031459221,FALSE
2011/7/9 23:15,1.165446122,FALSE
2011/7/10 0:15,1.055810452,FALSE
2011/7/10 1:15,0.93376998,FALSE
2011/7/10 2:15,0.852321869,FALSE
2011/7/10 3:15,0.562376238,FALSE
2011/7/10 4:15,0.690265027,FALSE
2011/7/10 5:15,0.661577266,FALSE
2011/7/10 6:15,0.683708792,FALSE
2011/7/10 7:15,0.585272294,FALSE
2011/7/10 8:15,0.725823769,FALSE
2011/7/10 9:15,1.065481908,FALSE
2011/7/10 10:15,0.812296171,FALSE
2011/7/10 11:15,1.150122161,FALSE
2011/7/10 12:15,1.910790228,FALSE
2011/7/10 13:15,1.898237602,FALSE
2011/7/10 14:15,,FALSE
2011/7/10 15:15,1.36903179,FALSE
2011/7/10 16:15,1.235391369,FALSE
2011/7/10 17:15,1.300049686,FALSE
2011/7/10 18:15,1.029690406,FALSE
2011/7/10 19:15,0.93253645,FALSE
2011/7/10 20:15,0.931886464,FALSE
2011/7/10 21:15,0.863524014,FALSE
2011/7/10 22:15,0.991745182,FALSE
2011/7/10 23:15,0.862854251,FALSE
2011/7/11 0:15,0.747998449,FALSE
2011/7/11 1:15,0.850183503,FALSE
2011/7/11 2:15,0.654526696,FALSE
2011/7/11 3:15,0.728679425,FALSE
2011/7/11 4:15,0.690021863,FALSE
2011/7/11 5:15,0.698213122,FALSE
2011/7/11 6:15,0.63828083,TRUE
2011/7/11 7:15,0.671747063,FALSE
2011/7/11 8:15,0.641360186,FALSE
2011/7/11 9:15,0.588559868,FALSE
2011/7/11 10:15,4.008431112,TRUE
2011/7/11 11:15,2.039724288,FALSE
2011/7/11 12:15,1.434196136,FALSE
2011/7/11 13:15,1.509938332,FALSE
2011/7/11 14:15,8.391766411,TRUE
2011/7/11 15:15,1.107355354,FALSE
2011/7/11 16:15,0.997729717,FALSE
2011/7/11 17:15,0.838516364,FALSE
2011/7/11 18:15,0.591521866,FALSE
2011/7/11 19:15,0.523210749,FALSE
2011/7/11 20:15,0.507413792,FALSE
2011/7/11 21:15,0.538820682,FALSE
2011/7/11 22:15,0.537126367,FALSE
2011/7/11 23:15,0.575014048,FALSE
2011/7/12 0:15,0.434892834,FALSE
2011/7/12 1:15,0.568473259,FALSE
2011/7/12 2:15,0.576361278,FALSE
2011/7/12 3:15,0.5616658,FALSE
2011/7/12 4:15,0.506676771,FALSE
2011/7/12 5:15,0.53299206,FALSE
2011/7/12 6:15,0.533646652,FALSE
2011/7/12 7:15,0.543344592,FALSE
2011/7/12 8:15,0.633936893,FALSE
2011/7/12 9:15,4.127714568,FALSE
2011/7/12 10:15,0.6700852,FALSE
2011/7/12 11:15,0.702719813,FALSE
2011/7/12 12:15,0.995558683,FALSE
2011/7/12 13:15,1.169265367,FALSE
2011/7/12 14:15,1.014099281,FALSE
2011/7/12 15:15,0.996637659,FALSE
2011/7/12 16:15,0.679225381,FALSE
2011/7/12 17:15,0.758140254,FALSE
2011/7/12 18:15,0.763981211,FALSE
2011/7/12 19:15,0.708667856,FALSE
2011/7/12 20:15,0.714510023,FALSE
2011/7/12 21:15,0.76234554,FALSE
2011/7/12 22:15,0.703105906,FALSE
2011/7/12 23:15,0.70782655,FALSE
2011/7/13 0:15,0.5767052,FALSE
2011/7/13 1:15,0.679474448,FALSE
2011/7/13 2:15,0.557389601,FALSE
2011/7/13 3:15,0.531382044,FALSE
2011/7/13 4:15,0.529654201,FALSE
2011/7/13 5:15,0.519767135,FALSE
2011/7/13 6:15,3.951131814,FALSE
2011/7/13 7:15,0.555591534,FALSE
2011/7/13 8:15,0.656115013,FALSE
2011/7/13 9:15,0.787982862,FALSE
2011/7/13 10:15,0.69258725,FALSE
2011/7/13 11:15,0.935283109,FALSE
2011/7/13 12:15,1.079051216,FALSE
2011/7/13 13:15,1.265473892,FALSE
2011/7/13 14:15,0.758122744,FALSE
2011/7/13 15:15,0.86126314,FALSE
2011/7/13 16:15,0.818969842,FALSE
2011/7/13 17:15,0.781863719,FALSE
2011/7/13 18:15,0.754097953,FALSE
2011/7/13 19:15,0.734934125,FALSE
2011/7/13 20:15,0.69054098,FALSE
2011/7/13 21:15,0.729830699,FALSE
2011/7/13 22:15,0.750014463,FALSE
2011/7/13 23:15,0.788613598,FALSE
2011/7/14 0:15,0.5993715,FALSE
2011/7/14 1:15,0.618132011,FALSE
2011/7/14 2:15,0.492632136,FALSE
2011/7/14 3:15,0.433984949,FALSE
2011/7/14 4:15,0.401924624,FALSE
2011/7/14 5:15,0.391060382,FALSE
2011/7/14 6:15,0.394108267,FALSE
2011/7/14 7:15,0.41487089,FALSE
2011/7/14 8:15,0.459231968,FALSE
2011/7/14 9:15,0.554594329,FALSE
2011/7/14 10:15,0.586447434,TRUE
2011/7/14 11:15,0.774360121,TRUE
2011/7/14 12:15,1.091742003,FALSE
2011/7/14 13:15,1.0221711,FALSE
2011/7/14 14:15,0.927402784,FALSE
2011/7/14 15:15,0.758385916,FALSE
2011/7/14 16:15,0.628370276,FALSE
2011/7/14 17:15,0.620875294,FALSE
2011/7/14 18:15,0.599521387,FALSE
2011/7/14 19:15,0.571684647,FALSE
2011/7/14 20:15,0.553937947,FALSE
2011/7/14 21:15,0.58330004,FALSE
2011/7/14 22:15,0.547949871,FALSE
2011/7/14 23:15,0.584078029,FALSE
2011/7/15 0:15,0.470730437,FALSE
2011/7/15 1:15,0.613684757,FALSE
2011/7/15 2:15,0.50007526,FALSE
2011/7/15 3:15,0.465845308,FALSE
2011/7/15 4:15,0.410242363,FALSE
2011/7/15 5:15,0.387587791,FALSE
2011/7/15 6:15,0.424290112,FALSE
2011/7/15 7:15,0.419710943,FALSE
2011/7/15 8:15,0.490660629,FALSE
2011/7/15 9:15,0.579498461,FALSE
2011/7/15 10:15,0.629326673,FALSE
2011/7/15 11:15,0.678068563,FALSE
2011/7/15 12:15,0.927533869,FALSE
2011/7/15 13:15,0.999694138,FALSE
2011/7/15 14:15,0.666268215,FALSE
2011/7/15 15:15,0.697556091,FALSE
2011/7/15 16:15,0.641203793,FALSE
2011/7/15 17:15,0.633427319,FALSE
2011/7/15 18:15,0.582036667,FALSE
2011/7/15 19:15,0.563113819,FALSE
2011/7/15 20:15,0.526980163,FALSE
2011/7/15 21:15,0.528277918,FALSE
2011/7/15 22:15,0.475220574,FALSE
2011/7/15 23:15,0.447709442,FALSE
2011/7/16 0:15,0.573151034,FALSE
2011/7/16 1:15,0.66052051,FALSE
2011/7/16 2:15,0.653658941,FALSE
2011/7/16 3:15,0.540054696,FALSE
2011/7/16 4:15,0.515772971,FALSE
2011/7/16 5:15,0.429273998,FALSE
2011/7/16 6:15,0.407590018,FALSE
2011/7/16 7:15,0.421466054,FALSE
2011/7/16 8:15,0.530038045,FALSE
2011/7/16 9:15,0.579303382,FALSE
2011/7/16 10:15,0.770295651,FALSE
2011/7/16 11:15,0.808551184,FALSE
2011/7/16 12:15,0.841766168,FALSE
2011/7/16 13:15,1.143978517,FALSE
2011/7/16 14:15,0.693110948,FALSE
2011/7/16 15:15,0.765183723,FALSE
2011/7/16 16:15,0.679417321,FALSE
2011/7/16 17:15,0.599942,FALSE
2011/7/16 18:15,0.577088264,FALSE
2011/7/16 19:15,0.612292762,FALSE
2011/7/16 22:15,0.554915457,FALSE
2011/7/16 23:15,0.558064606,FALSE
2011/7/17 0:15,0.551861185,FALSE
2011/7/17 1:15,0.61407608,FALSE
2011/7/17 2:15,0.614105011,FALSE
2011/7/17 3:15,3.911545697,FALSE
2011/7/17 4:15,0.522471251,FALSE
2011/7/17 5:15,0.448037685,FALSE
2011/7/17 6:15,0.422634978,FALSE
2011/7/17 7:15,0.449383287,FALSE
2011/7/17 8:15,0.486851912,FALSE
2011/7/17 9:15,0.553550347,FALSE
2011/7/17 10:15,0.751857084,FALSE
2011/7/17 11:15,0.752667091,FALSE
2011/7/17 12:15,0.929141547,FALSE
2011/7/17 13:15,1.208476615,FALSE
2011/7/17 14:15,0.779651764,FALSE
2011/7/17 15:15,0.842350417,FALSE
2011/7/17 16:15,0.660812279,FALSE
2011/7/17 17:15,0.604369143,FALSE
2011/7/17 18:15,0.545339088,FALSE
2011/7/17 19:15,0.55353396,FALSE
2011/7/17 20:15,0.548774325,FALSE
2011/7/17 21:15,0.538358083,FALSE
2011/7/17 22:15,0.536441786,FALSE
2011/7/17 23:15,0.534592977,FALSE
2011/7/18 0:15,0.512258339,FALSE
2011/7/18 1:15,0.566221757,FALSE
2011/7/18 2:15,0.522523409,FALSE
2011/7/18 3:15,0.471140262,FALSE
2011/7/18 4:15,0.427749227,FALSE
2011/7/18 5:15,0.389042223,FALSE
2011/7/18 6:15,0.383151728,FALSE
2011/7/18 7:15,0.431656006,FALSE
2011/7/18 8:15,0.4507898,FALSE
2011/7/18 9:15,0.579229369,FALSE
2011/7/18 10:15,0.61955684,FALSE
2011/7/18 11:15,0.723378175,FALSE
2011/7/18 12:15,1.015024104,FALSE
2011/7/18 13:15,0.846268383,FALSE
2011/7/18 14:15,0.839328088,FALSE
2011/7/18 15:15,0.725356644,FALSE
2011/7/18 16:15,0.724121952,FALSE
2011/7/18 17:15,0.651006084,FALSE
2011/7/18 18:15,0.602683656,FALSE
2011/7/18 19:15,3.98507904,FALSE
2011/7/18 20:15,0.562953514,FALSE
2011/7/18 21:15,0.515027144,FALSE
2011/7/18 22:15,0.515684201,FALSE
2011/7/18 23:15,0.520976592,FALSE
2011/7/19 0:15,0.44398061,FALSE
2011/7/19 1:15,0.616688653,FALSE
2011/7/19 2:15,0.543115927,FALSE
2011/7/19 3:15,0.453472535,FALSE
2011/7/19 4:15,0.42156878,FALSE
2011/7/19 5:15,2.065772563,TRUE
2011/7/19 6:15,0.338454739,FALSE
2011/7/19 7:15,0.410903748,FALSE
2011/7/19 8:15,7.447593729,FALSE
2011/7/19 9:15,0.559134998,FALSE
2011/7/19 10:15,0.719621811,FALSE
2011/7/19 11:15,0.767196682,FALSE
2011/7/19 12:15,0.942294521,FALSE
2011/7/19 13:15,1.003238321,FALSE
2011/7/19 14:15,0.862942524,FALSE
2011/7/19 15:15,0.73383731,FALSE
2011/7/19 16:15,0.625142679,FALSE
2011/7/19 17:15,0.509370235,FALSE
2011/7/19 18:15,0.539305965,FALSE
2011/7/19 19:15,0.506445432,FALSE
2011/7/19 20:15,0.488141029,FALSE
2011/7/19 21:15,0.436814157,FALSE
2011/7/19 22:15,0.476351403,FALSE
2011/7/19 23:15,0.457919393,FALSE
2011/7/20 0:15,0.429580108,FALSE
2011/7/20 1:15,0.564498168,FALSE
2011/7/20 2:15,0.509544563,FALSE
2011/7/20 3:15,0.463203969,FALSE
2011/7/20 4:15,0.407072031,FALSE
2011/7/20 5:15,0.358862801,FALSE
2011/7/20 6:15,0.373697237,FALSE
2011/7/20 7:15,0.439205008,FALSE
2011/7/20 8:15,0.415318662,FALSE
2011/7/20 9:15,0.54267684,FALSE
2011/7/20 10:15,0.57583664,TRUE
2011/7/20 11:15,0.69375021,TRUE
2011/7/20 12:15,0.958649679,FALSE
2011/7/20 13:15,0.978838236,FALSE
2011/7/20 14:15,0.847355615,FALSE
2011/7/20 15:15,0.66228094,FALSE
2011/7/20 16:15,0.583318113,FALSE
2011/7/20 17:15,0.533766852,FALSE
2011/7/20 18:15,0.534896915,FALSE
2011/7/20 19:15,0.494445215,FALSE
2011/7/20 20:15,0.472729581,FALSE
2011/7/20 21:15,0.480673062,FALSE
2011/7/20 22:15,0.423097535,FALSE
2011/7/20 23:15,0.486307655,TRUE
2011/7/21 0:15,0.422066414,FALSE
2011/7/21 1:15,0.519997337,FALSE
2011/7/21 2:15,0.503462396,FALSE
2011/7/21 3:15,0.443251379,FALSE
2011/7/21 4:15,0.384122852,FALSE
2011/7/21 5:15,0.362461724,FALSE
2011/7/21 6:15,0.362696177,FALSE
2011/7/21 7:15,0.382357225,FALSE
2011/7/21 8:15,0.409054677,FALSE
2011/7/21 9:15,0.529625586,FALSE
2011/7/21 10:15,0.575244383,FALSE
2011/7/21 11:15,0.5888,FALSE
2011/7/21 12:15,0.847774408,FALSE
2011/7/21 13:15,0.791340636,FALSE
2011/7/21 14:15,0.896465706,FALSE
2011/7/21 15:15,0.66523097,FALSE
2011/7/21 16:15,0.593758565,FALSE
2011/7/21 17:15,0.569387656,FALSE
2011/7/21 18:15,0.634304011,FALSE
2011/7/21 22:15,0.486431018,FALSE
2011/7/22 0:15,0.422591891,FALSE
2011/7/22 1:15,0.486913311,FALSE
2011/7/22 2:15,0.467356764,FALSE
2011/7/22 3:15,0.434363029,FALSE
2011/7/22 4:15,0.386714049,FALSE
2011/7/22 5:15,0.369504587,FALSE
2011/7/22 6:15,0.397595455,FALSE
2011/7/22 7:15,0.410352633,FALSE
2011/7/22 8:15,0.423393177,FALSE
2011/7/22 9:15,0.491140775,FALSE
2011/7/22 10:15,0.468621217,FALSE
2011/7/22 11:15,0.580554114,FALSE
2011/7/22 12:15,0.833853226,FALSE
2011/7/22 13:15,0.896172285,FALSE
2011/7/22 14:15,0.767720789,FALSE
2011/7/22 15:15,0.562089893,FALSE
2011/7/22 16:15,0.605598264,FALSE
2011/7/22 17:15,0.474154729,FALSE
2011/7/22 18:15,0.52775499,FALSE
2011/7/22 19:15,0.570643559,FALSE
2011/7/22 20:15,0.487113275,FALSE
2011/7/22 21:15,0.446442695,FALSE
2011/7/22 22:15,0.493629595,FALSE
2011/7/22 23:15,0.416509433,FALSE
2011/7/23 3:15,0.471425611,FALSE
2011/7/23 5:15,0.429440714,FALSE
2011/7/23 6:15,0.432265331,FALSE
2011/7/23 7:15,0.454228292,FALSE
2011/7/23 8:15,0.39401794,FALSE
2011/7/23 11:15,0.52448935,FALSE
2011/7/23 12:15,0.634432982,FALSE
2011/7/23 13:15,1.041931185,FALSE
2011/7/23 14:15,0.900262074,FALSE
2011/7/23 15:15,0.801925327,FALSE
2011/7/23 16:15,0.664488563,FALSE
2011/7/23 17:15,0.746938916,FALSE
2011/7/23 18:15,0.584306106,FALSE
2011/7/23 19:15,0.551052096,FALSE
2011/7/23 20:15,0.539589028,FALSE
2011/7/23 21:15,0.458878228,FALSE
2011/7/23 22:15,0.508391976,FALSE
2011/7/23 23:15,0.455166496,FALSE
2011/7/24 0:15,0.354592054,FALSE
2011/7/24 1:15,0.847647604,FALSE
2011/7/24 2:15,0.623232871,FALSE
2011/7/24 3:15,0.4549255,FALSE
2011/7/24 4:15,0.388240283,FALSE
2011/7/24 5:15,0.362204838,FALSE
2011/7/24 6:15,0.386631813,FALSE
2011/7/24 7:15,0.432720462,FALSE
2011/7/24 8:15,0.463825889,FALSE
2011/7/24 9:15,0.558707231,FALSE
2011/7/24 10:15,0.537009159,FALSE
2011/7/24 11:15,0.668545698,FALSE
2011/7/24 12:15,1.000816993,FALSE
2011/7/24 13:15,0.875236468,FALSE
2011/7/24 14:15,0.940858278,FALSE
2011/7/24 15:15,0.528411702,FALSE
2011/7/24 16:15,0.654686781,FALSE
2011/7/24 17:15,0.581666157,FALSE
2011/7/24 18:15,0.514303732,FALSE
2011/7/24 19:15,0.46192898,FALSE
2011/7/24 20:15,0.422771997,FALSE
2011/7/24 21:15,0.411778295,FALSE
2011/7/24 22:15,0.422908419,FALSE
2011/7/24 23:15,0.373979374,FALSE
2011/7/25 0:15,0.392288088,FALSE
2011/7/25 1:15,0.624979174,FALSE
2011/7/25 2:15,0.467264498,FALSE
2011/7/25 3:15,0.491341991,FALSE
2011/7/25 4:15,0.380918382,FALSE
2011/7/25 5:15,0.335816771,FALSE
2011/7/25 6:15,0.395756969,FALSE
2011/7/25 7:15,0.3890685,FALSE
2011/7/25 8:15,0.401918936,FALSE
2011/7/25 9:15,0.560098032,FALSE
2011/7/25 10:15,0.632278381,FALSE
2011/7/25 11:15,0.754956702,FALSE
2011/7/25 12:15,0.956091142,FALSE
2011/7/25 13:15,0.99311016,FALSE
2011/7/25 14:15,0.897325447,FALSE
2011/7/25 15:15,0.677849823,FALSE
2011/7/25 16:15,0.612805052,FALSE
2011/7/25 17:15,0.554349758,FALSE
2011/7/25 18:15,0.455914447,FALSE
2011/7/25 19:15,0.464386331,FALSE
2011/7/25 20:15,0.401464712,FALSE
2011/7/25 21:15,0.359988588,FALSE
2011/7/25 22:15,0.40331585,FALSE
2011/7/25 23:15,0.396394253,FALSE
2011/7/26 0:15,0.345829294,FALSE
2011/7/26 1:15,0.458796101,FALSE
2011/7/26 2:15,0.478773806,FALSE
2011/7/26 3:15,0.398860697,FALSE
2011/7/26 4:15,0.448400883,FALSE
2011/7/26 5:15,0.323450424,FALSE
2011/7/26 6:15,0.365505483,FALSE
2011/7/26 7:15,0.394108236,FALSE
2011/7/26 8:15,0.441997941,FALSE
2011/7/26 9:15,4.524900356,TRUE
2011/7/26 10:15,0.691827626,FALSE
2011/7/26 11:15,0.796475687,FALSE
2011/7/26 12:15,0.843537415,FALSE
2011/7/26 13:15,0.861174539,FALSE
2011/7/26 14:15,0.86726416,FALSE
2011/7/26 15:15,0.54114767,FALSE
2011/7/26 16:15,0.620446859,FALSE
2011/7/26 17:15,0.525748139,FALSE
2011/7/26 19:15,0.484852616,FALSE
2011/7/26 20:15,0.484225646,FALSE
2011/7/26 21:15,0.396638624,FALSE
2011/7/26 22:15,0.422340744,FALSE
2011/7/26 23:15,0.347862423,FALSE
2011/7/27 0:15,0.355651253,FALSE
2011/7/27 1:15,0.472819637,FALSE
2011/7/27 2:15,0.424650904,FALSE
2011/7/27 5:15,0.369590666,FALSE
2011/7/27 6:15,0.341975423,FALSE
2011/7/27 7:15,0.385071904,FALSE
2011/7/27 8:15,0.449638417,FALSE
2011/7/27 9:15,0.485024108,FALSE
2011/7/27 10:15,0.503880486,FALSE
2011/7/27 11:15,0.649875468,FALSE
2011/7/27 12:15,0.900444804,FALSE
2011/7/27 13:15,0.921812067,FALSE
2011/7/27 14:15,0.799267435,FALSE
2011/7/27 15:15,0.56690588,FALSE
2011/7/27 16:15,0.592411494,FALSE
2011/7/27 17:15,0.47610727,FALSE
2011/7/27 18:15,0.491887576,FALSE
2011/7/27 19:15,0.47507154,FALSE
2011/7/27 20:15,0.44728415,FALSE
2011/7/27 21:15,0.478995312,FALSE
2011/7/27 22:15,0.443169067,FALSE
2011/7/27 23:15,0.362373552,FALSE
2011/7/28 0:15,0.353371352,FALSE
2011/7/28 1:15,0.500298236,FALSE
2011/7/28 2:15,0.453735304,FALSE
2011/7/28 3:15,0.444910789,FALSE
2011/7/28 4:15,0.388427935,FALSE
2011/7/28 5:15,0.336372101,FALSE
2011/7/28 6:15,0.356857601,FALSE
2011/7/28 7:15,0.501170669,FALSE
2011/7/28 8:15,0.41921064,FALSE
2011/7/28 9:15,0.606202191,FALSE
2011/7/28 10:15,0.612685288,FALSE
2011/7/28 11:15,0.849234393,FALSE
2011/7/28 12:15,1.193781438,FALSE
2011/7/28 13:15,0.693728858,FALSE
2011/7/28 14:15,0.830594474,FALSE
2011/7/28 15:15,0.642496763,FALSE
2011/7/28 16:15,0.549461019,FALSE
2011/7/28 17:15,0.471706206,FALSE
2011/7/28 18:15,0.523558103,FALSE
2011/7/28 19:15,0.460153344,FALSE
2011/7/28 20:15,0.484955908,FALSE
2011/7/28 21:15,0.515769796,FALSE
2011/7/28 22:15,0.448284108,FALSE
2011/7/28 23:15,0.430648577,FALSE
2011/7/29 0:15,0.428464731,FALSE
2011/7/29 1:15,0.503834635,FALSE
2011/7/29 2:15,0.489083903,FALSE
2011/7/29 3:15,0.43042492,FALSE
2011/7/29 4:15,0.421459721,FALSE
2011/7/29 5:15,0.381823617,FALSE
2011/7/29 6:15,0.414216287,FALSE
2011/7/29 7:15,0.429408845,FALSE
2011/7/29 8:15,0.5361575,FALSE
2011/7/29 9:15,0.723053267,FALSE
2011/7/29 10:15,0.796266589,FALSE
2011/7/29 11:15,1.034983909,FALSE
2011/7/29 12:15,1.100716776,FALSE
2011/7/29 13:15,0.980824922,FALSE
2011/7/29 14:15,1.002104661,FALSE
2011/7/29 15:15,0.734911682,FALSE
2011/7/29 16:15,0.756412898,FALSE
2011/7/29 17:15,0.598171016,FALSE
2011/7/29 18:15,0.673976029,FALSE
2011/7/29 19:15,0.649754021,FALSE
2011/7/29 20:15,0.592631427,FALSE
2011/7/29 21:15,0.659914914,FALSE
2011/7/29 22:15,0.62658138,FALSE
2011/7/29 23:15,0.578915127,FALSE
2011/7/30 0:15,0.608687045,FALSE
2011/7/30 1:15,0.670799943,FALSE
2011/7/30 2:15,0.640060586,FALSE
2011/7/30 3:15,0.659653508,FALSE
2011/7/30 4:15,0.475267844,FALSE
2011/7/30 5:15,0.512949517,FALSE
2011/7/30 6:15,0.524415858,FALSE
2011/7/30 7:15,0.5740658,FALSE
2011/7/30 8:15,0.568731977,FALSE
2011/7/30 9:15,0.64447268,FALSE
2011/7/30 10:15,0.559871884,FALSE
2011/7/30 11:15,0.969953851,FALSE
2011/7/30 12:15,1.071408267,FALSE
2011/7/30 13:15,1.030969933,FALSE
2011/7/30 14:15,0.937015145,FALSE
2011/7/30 15:15,0.819120086,FALSE
2011/7/30 16:15,0.683689191,FALSE
2011/7/30 17:15,0.535112399,FALSE
2011/7/30 20:15,0.576377993,FALSE
2011/7/30 21:15,0.553529714,FALSE
2011/7/30 22:15,0.523731134,FALSE
2011/7/30 23:15,3.967955158,TRUE
2011/7/31 0:15,0.439294307,FALSE
2011/7/31 1:15,0.64839025,FALSE
2011/7/31 2:15,0.581880307,FALSE
2011/7/31 4:15,0.529118258,FALSE
2011/7/31 5:15,0.485536149,FALSE
2011/7/31 6:15,3.500015487,TRUE
2011/7/31 7:15,0.51460008,FALSE
2011/7/31 8:15,0.533621281,FALSE
2011/7/31 9:15,0.682004403,FALSE
2011/7/31 10:15,0.630815316,FALSE
2011/7/31 11:15,0.8514734,FALSE
2011/7/31 12:15,1.026613928,FALSE
2011/7/31 13:15,1.299377843,FALSE
2011/7/31 14:15,0.901679325,FALSE
2011/7/31 15:15,0.832724098,FALSE
2011/7/31 16:15,0.677929488,FALSE
2011/7/31 17:15,0.635344513,FALSE
2011/7/31 18:15,0.541728069,FALSE
2011/7/31 19:15,0.557364618,FALSE
2011/7/31 20:15,0.611843812,FALSE
2011/7/31 21:15,0.523288283,FALSE
2011/7/31 23:15,0.518364313,FALSE
2011/8/1 0:15,0.498728226,FALSE
2011/8/1 3:15,0.576555937,FALSE
2011/8/1 5:15,0.554290565,FALSE
2011/8/1 6:15,0.476010861,FALSE
2011/8/1 7:15,0.449696671,FALSE
2011/8/1 8:15,0.55174321,FALSE
2011/8/1 9:15,0.756095104,FALSE
2011/8/1 10:15,0.734396139,FALSE
2011/8/1 11:15,0.846458556,FALSE
2011/8/1 12:15,1.177557355,FALSE
2011/8/1 13:15,0.780463324,FALSE
2011/8/1 14:15,1.009419091,FALSE
2011/8/1 15:15,0.81969477,FALSE
2011/8/1 16:15,0.764223282,FALSE
2011/8/1 17:15,0.663092201,FALSE
2011/8/1 18:15,0.653564393,FALSE
2011/8/1 20:15,0.577674185,FALSE
2011/8/1 21:15,0.544883633,FALSE
2011/8/1 23:15,0.53175133,FALSE
2011/8/2 0:15,0.574685146,FALSE
2011/8/2 1:15,0.635687697,FALSE
2011/8/2 2:15,0.588530262,FALSE
2011/8/2 3:15,0.466300751,FALSE
2011/8/2 5:15,0.426776143,FALSE
2011/8/2 6:15,0.431905268,FALSE
2011/8/2 7:15,0.486788508,FALSE
2011/8/2 8:15,0.520916022,FALSE
2011/8/2 9:15,0.631112923,FALSE
2011/8/2 10:15,0.787905664,FALSE
2011/8/2 11:15,1.151011551,FALSE
2011/8/2 12:15,1.404712503,FALSE
2011/8/2 13:15,0.919172006,FALSE
2011/8/2 14:15,0.93028968,FALSE
2011/8/2 15:15,0.911233169,FALSE
2011/8/2 16:15,0.562151952,FALSE
2011/8/2 18:15,0.645033039,FALSE
2011/8/2 19:15,0.648685752,FALSE
2011/8/2 20:15,0.541655157,FALSE
2011/8/2 21:15,0.629047799,FALSE
2011/8/2 22:15,0.700487383,FALSE
2011/8/2 23:15,0.533791225,FALSE
2011/8/3 0:15,0.440444722,FALSE
2011/8/3 1:15,0.719683931,FALSE
2011/8/3 2:15,0.710997941,FALSE
2011/8/3 3:15,0.594979361,FALSE
2011/8/3 4:15,0.449055479,FALSE
2011/8/3 5:15,0.477755007,FALSE
2011/8/3 6:15,0.503697984,FALSE
2011/8/3 7:15,0.600102091,FALSE
2011/8/3 8:15,0.561552933,FALSE
2011/8/3 9:15,0.79419878,FALSE
2011/8/3 10:15,0.785667934,FALSE
2011/8/3 11:15,1.139820414,FALSE
2011/8/3 12:15,1.191034167,FALSE
2011/8/3 13:15,1.178520758,FALSE
2011/8/3 14:15,0.750044689,FALSE
2011/8/3 15:15,0.817874389,FALSE
2011/8/3 17:15,0.7227432,FALSE
2011/8/3 18:15,0.584243911,FALSE
2011/8/3 19:15,0.626907189,FALSE
2011/8/3 20:15,0.583636954,FALSE
2011/8/3 21:15,0.638105502,FALSE
2011/8/3 22:15,0.553943354,FALSE
2011/8/3 23:15,0.698302566,FALSE
2011/8/4 0:15,0.585952462,FALSE
2011/8/4 1:15,0.680807542,TRUE
2011/8/4 2:15,0.633855601,FALSE
2011/8/4 3:15,0.820624317,FALSE
2011/8/4 4:15,0.557292109,FALSE
2011/8/4 5:15,0.414704222,FALSE
2011/8/4 6:15,0.52518071,FALSE
2011/8/4 7:15,0.548682741,FALSE
2011/8/4 8:15,0.556389097,FALSE
2011/8/4 9:15,0.671852413,FALSE
2011/8/4 10:15,0.815993714,FALSE
2011/8/4 11:15,0.893970123,FALSE
2011/8/4 12:15,1.086642818,FALSE
2011/8/4 13:15,1.122986963,FALSE
2011/8/4 14:15,0.950053998,FALSE
2011/8/4 16:15,0.715950661,FALSE
2011/8/4 17:15,0.795825741,FALSE
2011/8/4 18:15,0.647634509,FALSE
2011/8/4 19:15,0.555697769,FALSE
2011/8/4 20:15,1.42072296,FALSE
2011/8/4 21:15,0.59226516,FALSE
2011/8/4 22:15,0.568243787,FALSE
2011/8/4 23:15,0.604767739,FALSE
2011/8/5 0:15,0.555048815,FALSE
2011/8/5 1:15,0.68640955,FALSE
2011/8/5 2:15,0.664502044,FALSE
2011/8/5 3:15,0.751783059,FALSE
2011/8/5 4:15,0.536707917,FALSE
2011/8/5 5:15,0.584625706,FALSE
2011/8/5 6:15,0.543533656,FALSE
2011/8/5 7:15,0.541778547,FALSE
2011/8/5 8:15,0.611421645,FALSE
2011/8/5 9:15,0.726964468,FALSE
2011/8/5 10:15,0.802952724,FALSE
2011/8/5 11:15,1.042097363,FALSE
2011/8/5 12:15,1.057944783,FALSE
2011/8/5 13:15,1.147590819,FALSE
2011/8/5 14:15,0.995947811,FALSE
2011/8/5 15:15,0.837924146,FALSE
2011/8/5 17:15,0.639849442,FALSE
2011/8/5 19:15,0.676064733,FALSE
2011/8/5 20:15,0.543911542,FALSE
2011/8/5 21:15,0.577292345,FALSE
2011/8/5 22:15,0.543720794,FALSE
2011/8/5 23:15,0.574428236,FALSE
2011/8/6 0:15,0.536694938,FALSE
2011/8/6 1:15,0.721242372,FALSE
2011/8/6 2:15,0.719180486,FALSE
2011/8/6 3:15,0.664986358,FALSE
2011/8/6 4:15,,FALSE
2011/8/6 5:15,0.568417908,FALSE
2011/8/6 6:15,0.560745261,FALSE
2011/8/6 7:15,0.589784143,FALSE
2011/8/6 8:15,0.675166106,FALSE
2011/8/6 9:15,0.71392934,FALSE
2011/8/6 10:15,0.720525248,FALSE
2011/8/6 11:15,0.973101694,FALSE
2011/8/6 12:15,5.041099001,TRUE
2011/8/6 13:15,1.100765281,FALSE
2011/8/6 15:15,0.858281143,FALSE
2011/8/6 16:15,0.718258734,FALSE
2011/8/6 17:15,0.652482727,FALSE
2011/8/6 18:15,0.603126873,FALSE
2011/8/6 19:15,0.615980506,FALSE
2011/8/6 20:15,0.518617272,FALSE
2011/8/6 21:15,0.612084186,FALSE
2011/8/6 22:15,0.604101179,FALSE
2011/8/6 23:15,0.519409821,FALSE
2011/8/7 0:15,0.635188074,FALSE
2011/8/7 1:15,0.686081529,FALSE
2011/8/7 2:15,0.609118719,FALSE
2011/8/7 3:15,0.582622271,FALSE
2011/8/7 4:15,0.598422475,FALSE
2011/8/7 5:15,0.561157963,FALSE
2011/8/7 6:15,0.59335529,FALSE
2011/8/7 7:15,0.623050236,FALSE
2011/8/7 8:15,0.687373851,FALSE
2011/8/7 9:15,0.665167659,FALSE
2011/8/7 10:15,0.849833025,FALSE
2011/8/7 11:15,0.946772757,FALSE
2011/8/7 12:15,1.052143506,FALSE
2011/8/7 13:15,1.496785143,FALSE
2011/8/7 14:15,0.867744079,FALSE
2011/8/7 15:15,0.819632697,FALSE
2011/8/7 16:15,0.740044211,FALSE
2011/8/7 17:15,0.705276179,FALSE
2011/8/7 18:15,0.648443555,FALSE
2011/8/7 19:15,0.556096042,FALSE
2011/8/7 20:15,0.624781662,FALSE
2011/8/7 21:15,0.60539256,FALSE
2011/8/7 22:15,0.568348885,FALSE
2011/8/7 23:15,0.548749163,FALSE
2011/8/8 0:15,0.606434622,FALSE
2011/8/8 1:15,0.646378234,FALSE
2011/8/8 2:15,0.580301699,FALSE
2011/8/8 3:15,0.56583625,FALSE
2011/8/8 4:15,0.569189356,FALSE
2011/8/8 5:15,0.538710969,FALSE
2011/8/8 6:15,0.513768456,FALSE
2011/8/8 7:15,0.559171614,FALSE
2011/8/8 8:15,0.57519573,FALSE
2011/8/8 9:15,0.652947246,FALSE
2011/8/8 10:15,0.745038888,FALSE
2011/8/8 11:15,0.857579555,FALSE
2011/8/8 12:15,0.875553119,FALSE
2011/8/8 13:15,0.854941414,FALSE
2011/8/8 14:15,0.790767679,FALSE
2011/8/8 16:15,0.712741698,FALSE
2011/8/8 17:15,0.615699782,FALSE
2011/8/8 18:15,0.59520085,FALSE
2011/8/8 19:15,0.63471946,FALSE
2011/8/8 20:15,0.547550792,FALSE
2011/8/8 21:15,0.590809094,FALSE
2011/8/8 22:15,0.570679943,FALSE
2011/8/8 23:15,0.541534215,FALSE
2011/8/9 0:15,0.536134186,FALSE
2011/8/9 1:15,0.586947281,FALSE
2011/8/9 2:15,0.599060022,FALSE
2011/8/9 3:15,0.578157414,FALSE
2011/8/9 4:15,0.501817758,FALSE
2011/8/9 5:15,0.518201068,FALSE
2011/8/9 6:15,0.511505674,FALSE
2011/8/9 7:15,0.597075587,FALSE
2011/8/9 8:15,0.598728667,FALSE
2011/8/9 9:15,0.783646779,FALSE
2011/8/9 10:15,0.788622722,FALSE
2011/8/9 11:15,0.863118245,FALSE
2011/8/9 12:15,1.273015191,FALSE
2011/8/9 14:15,0.884040258,FALSE
2011/8/9 15:15,0.802570074,FALSE
2011/8/9 16:15,0.723815455,FALSE
2011/8/9 17:15,0.661586612,FALSE
2011/8/9 18:15,0.617642291,FALSE
2011/8/9 19:15,0.629898957,FALSE
2011/8/9 20:15,0.601685026,FALSE
2011/8/9 21:15,0.645256582,FALSE
2011/8/9 22:15,0.590185964,FALSE
2011/8/9 23:15,0.620264322,FALSE
2011/8/10 0:15,0.559184359,FALSE
2011/8/10 1:15,0.59016148,FALSE
2011/8/10 2:15,0.591462623,FALSE
2011/8/10 3:15,0.642369011,FALSE
2011/8/10 4:15,0.520049264,FALSE
2011/8/10 5:15,0.502427012,FALSE
2011/8/10 6:15,0.504466919,FALSE
2011/8/10 7:15,0.506236727,FALSE
2011/8/10 8:15,0.547044703,FALSE
2011/8/10 9:15,0.624164877,FALSE
2011/8/10 10:15,0.821473592,FALSE
2011/8/10 11:15,0.962219823,FALSE
2011/8/10 12:15,1.132545431,FALSE
2011/8/10 13:15,0.946045959,FALSE
2011/8/10 15:15,0.983489745,FALSE
2011/8/10 17:15,0.820945624,FALSE
2011/8/10 18:15,0.730903857,FALSE
2011/8/10 19:15,0.625206072,FALSE
2011/8/10 20:15,0.73117058,FALSE
2011/8/10 21:15,0.676400974,FALSE
2011/8/10 23:15,0.660492955,FALSE
2011/8/11 0:15,0.554590238,FALSE
2011/8/11 1:15,0.715748969,FALSE
2011/8/11 2:15,0.552449343,FALSE
2011/8/11 3:15,0.608818564,FALSE
2011/8/11 4:15,0.565352452,FALSE
2011/8/11 5:15,0.545612491,FALSE
2011/8/11 6:15,0.52165118,FALSE
2011/8/11 7:15,0.577066437,FALSE
2011/8/11 8:15,0.649319201,FALSE
2011/8/11 9:15,0.761580436,FALSE
2011/8/11 10:15,0.958909404,FALSE
2011/8/11 11:15,0.879025593,FALSE
2011/8/11 12:15,1.028815146,FALSE
2011/8/11 14:15,1.127946383,FALSE
2011/8/11 15:15,0.806395267,FALSE
2011/8/11 16:15,0.998546127,FALSE
2011/8/11 17:15,0.797586425,FALSE
2011/8/11 18:15,0.653892646,FALSE
2011/8/11 19:15,0.668489407,FALSE
2011/8/11 20:15,0.70477406,FALSE
2011/8/11 21:15,0.618160741,FALSE
2011/8/11 22:15,0.703522679,FALSE
2011/8/11 23:15,0.645565581,FALSE
2011/8/12 0:15,0.641368767,FALSE
2011/8/12 1:15,0.705282913,FALSE
2011/8/12 2:15,0.612891663,FALSE
2011/8/12 3:15,0.595617239,FALSE
2011/8/12 4:15,0.397505243,FALSE
2011/8/12 5:15,0.433460253,FALSE
2011/8/12 6:15,0.452638012,FALSE
2011/8/12 7:15,0.554466658,FALSE
2011/8/12 8:15,0.762423746,FALSE
2011/8/12 9:15,0.743389684,FALSE
2011/8/12 10:15,1.239805409,TRUE
2011/8/12 11:15,1.247852885,FALSE
2011/8/12 13:15,1.56976505,FALSE
2011/8/12 14:15,1.304458692,FALSE
2011/8/12 15:15,0.913389057,FALSE
2011/8/12 16:15,0.797229089,FALSE
2011/8/12 17:15,0.58867063,FALSE
2011/8/12 18:15,0.621693122,FALSE
2011/8/12 19:15,0.561822052,FALSE
2011/8/12 21:15,0.586936755,FALSE
2011/8/12 22:15,0.5104576,FALSE
2011/8/12 23:15,0.411906443,FALSE
2011/8/13 0:15,0.481140663,FALSE
2011/8/13 1:15,0.727249846,FALSE
2011/8/13 2:15,0.692740174,FALSE
2011/8/13 3:15,0.606669069,FALSE
2011/8/13 4:15,0.481597592,FALSE
2011/8/13 5:15,0.452214872,FALSE
2011/8/13 6:15,0.50342393,FALSE
2011/8/13 7:15,0.592080024,FALSE
2011/8/13 8:15,0.670440068,FALSE
2011/8/13 9:15,0.781322734,FALSE
2011/8/13 10:15,1.12155162,FALSE
2011/8/13 11:15,1.144613583,FALSE
2011/8/13 12:15,3.34585118,TRUE
2011/8/13 13:15,1.78017877,FALSE
2011/8/13 15:15,1.163446261,FALSE
2011/8/13 17:15,0.803665909,FALSE
2011/8/13 18:15,0.835319294,FALSE
2011/8/13 19:15,0.616081306,FALSE
2011/8/13 20:15,0.551187459,FALSE
2011/8/13 21:15,0.496627535,FALSE
2011/8/13 22:15,0.471666183,FALSE
2011/8/13 23:15,0.6462526,FALSE
2011/8/14 0:15,0.610524146,FALSE
2011/8/14 1:15,0.740457773,FALSE
2011/8/14 2:15,0.676483129,FALSE
2011/8/14 3:15,0.699954323,FALSE
2011/8/14 4:15,0.581878572,FALSE
2011/8/14 5:15,0.57451713,FALSE
2011/8/14 6:15,0.588103546,FALSE
2011/8/14 7:15,0.682825589,FALSE
2011/8/14 8:15,0.702503351,FALSE
2011/8/14 9:15,0.811665071,FALSE
2011/8/14 10:15,0.959159639,FALSE
2011/8/14 11:15,1.138912483,FALSE
2011/8/14 12:15,1.319952541,FALSE
2011/8/14 13:15,1.149135747,FALSE
2011/8/14 14:15,1.173980977,FALSE
2011/8/14 15:15,0.910558605,FALSE
2011/8/14 16:15,0.786068675,FALSE
2011/8/14 17:15,7.80960195,TRUE
2011/8/14 18:15,0.75541784,FALSE
2011/8/14 19:15,0.749192554,FALSE
2011/8/14 20:15,0.665563624,FALSE
2011/8/14 21:15,0.721558659,FALSE
2011/8/14 22:15,0.685192622,FALSE
2011/8/14 23:15,0.55707745,FALSE
2011/8/15 1:15,0.636081308,FALSE
2011/8/15 2:15,0.667131109,FALSE
2011/8/15 3:15,0.735076057,FALSE
2011/8/15 4:15,0.580668385,FALSE
2011/8/15 5:15,0.579281629,FALSE
2011/8/15 6:15,0.602451454,FALSE
2011/8/15 7:15,0.644382914,FALSE
2011/8/15 8:15,0.714276606,FALSE
2011/8/15 9:15,0.848933518,FALSE
2011/8/15 10:15,0.966559248,FALSE
2011/8/15 11:15,1.050508874,FALSE
2011/8/15 12:15,1.042514881,FALSE
2011/8/15 14:15,0.932878271,FALSE
2011/8/15 15:15,0.82672092,FALSE
2011/8/15 16:15,0.776904573,FALSE
2011/8/15 17:15,0.716201993,FALSE
2011/8/15 18:15,0.711605914,FALSE
2011/8/15 19:15,0.70853049,FALSE
2011/8/15 20:15,,FALSE
2011/8/15 21:15,0.622400019,FALSE
2011/8/15 22:15,0.607611681,FALSE
2011/8/15 23:15,0.611072281,FALSE
2011/8/16 0:15,0.563604798,FALSE
2011/8/16 1:15,0.686922142,FALSE
2011/8/16 2:15,0.675897036,FALSE
2011/8/16 3:15,0.667313845,FALSE
2011/8/16 4:15,0.6282262,FALSE
2011/8/16 5:15,0.595912442,FALSE
2011/8/16 6:15,0.634416845,FALSE
2011/8/16 7:15,0.685898336,FALSE
2011/8/16 8:15,0.826101318,FALSE
2011/8/16 9:15,0.89252935,FALSE
2011/8/16 10:15,1.120818187,FALSE
2011/8/16 11:15,1.125478616,FALSE
2011/8/16 12:15,1.121754742,FALSE
2011/8/16 13:15,1.051289341,FALSE
2011/8/16 14:15,0.966681309,FALSE
2011/8/16 15:15,0.990511125,FALSE
2011/8/16 16:15,0.879749253,FALSE
2011/8/16 17:15,0.71447894,FALSE
2011/8/16 18:15,0.877238547,FALSE
2011/8/16 19:15,0.725744019,FALSE
2011/8/16 20:15,0.761700055,FALSE
2011/8/16 21:15,0.714732926,FALSE
2011/8/16 22:15,0.676804863,FALSE
2011/8/16 23:15,0.711416021,FALSE
2011/8/17 0:15,0.607743521,FALSE
2011/8/17 1:15,0.736028089,FALSE
2011/8/17 2:15,0.664880332,FALSE
2011/8/17 3:15,0.619237028,FALSE
2011/8/17 4:15,0.550742015,FALSE
2011/8/17 5:15,0.555550082,FALSE
2011/8/17 6:15,0.616679441,FALSE
2011/8/17 7:15,0.693236715,FALSE
2011/8/17 8:15,0.810488811,FALSE
2011/8/17 9:15,0.932629669,FALSE
2011/8/17 10:15,1.105517123,FALSE
2011/8/17 11:15,1.244322257,FALSE
2011/8/17 12:15,1.07751682,FALSE
2011/8/17 13:15,0.993365801,FALSE
2011/8/17 14:15,1.036364229,FALSE
2011/8/17 15:15,0.92703924,FALSE
2011/8/17 16:15,0.821436448,FALSE
2011/8/17 18:15,0.762617399,FALSE
2011/8/17 19:15,0.714061063,FALSE
2011/8/17 20:15,0.735661201,FALSE
2011/8/17 21:15,0.666658953,FALSE
2011/8/17 22:15,0.621769977,FALSE
2011/8/17 23:15,0.54844674,FALSE
2011/8/18 0:15,0.544978141,FALSE
2011/8/18 1:15,0.758639318,FALSE
2011/8/18 2:15,0.732381899,FALSE
2011/8/18 3:15,0.570647048,FALSE
2011/8/18 4:15,0.534028307,FALSE
2011/8/18 5:15,0.542765533,FALSE
2011/8/18 6:15,0.567515064,FALSE
2011/8/18 7:15,0.68351637,FALSE
2011/8/18 8:15,0.718008273,FALSE
2011/8/18 9:15,0.936216066,TRUE
2011/8/18 10:15,0.977670957,FALSE
2011/8/18 11:15,0.953869234,FALSE
2011/8/18 12:15,0.958412841,FALSE
2011/8/18 13:15,0.982262311,FALSE
2011/8/18 14:15,0.944170399,FALSE
2011/8/18 15:15,0.712214878,FALSE
2011/8/18 16:15,0.779245318,FALSE
2011/8/18 18:15,0.770476887,FALSE
2011/8/18 20:15,0.772785581,FALSE
2011/8/18 21:15,0.792569186,FALSE
2011/8/18 22:15,0.892232195,FALSE
2011/8/18 23:15,0.928590112,FALSE
2011/8/19 0:15,0.809001111,FALSE
2011/8/19 1:15,0.773142351,FALSE
2011/8/19 2:15,0.683645009,FALSE
2011/8/19 3:15,0.666356499,FALSE
2011/8/19 4:15,0.602663492,FALSE
2011/8/19 5:15,0.615586217,FALSE
2011/8/19 6:15,0.680106983,FALSE
2011/8/19 7:15,0.715438474,FALSE
2011/8/19 8:15,0.778365849,FALSE
2011/8/19 9:15,0.940738025,FALSE
2011/8/19 10:15,1.064311495,FALSE
2011/8/19 11:15,1.033223455,FALSE
2011/8/19 12:15,1.069205315,FALSE
2011/8/19 13:15,0.902481888,FALSE
2011/8/19 14:15,0.948048757,FALSE
2011/8/19 15:15,0.940754216,FALSE
2011/8/19 16:15,0.93422281,FALSE
2011/8/19 18:15,9.497540003,TRUE
2011/8/19 19:15,0.863326087,FALSE
2011/8/19 20:15,0.703298738,FALSE
2011/8/19 21:15,0.713623326,FALSE
2011/8/19 22:15,0.654695043,FALSE
2011/8/19 23:15,0.674132038,FALSE
2011/8/20 0:15,0.662703094,FALSE
2011/8/20 1:15,0.794094232,FALSE
2011/8/20 2:15,0.682984438,FALSE
2011/8/20 3:15,0.668096115,FALSE
2011/8/20 4:15,0.644444816,FALSE
2011/8/20 5:15,0.631821337,FALSE
2011/8/20 6:15,0.664079705,FALSE
2011/8/20 7:15,0.691809113,FALSE
2011/8/20 8:15,0.731047521,FALSE
2011/8/20 9:15,0.916183653,FALSE
,,
,,
,,
,,
,,
,,
,,
,,
,,
,,
,,
,,
,,
,,
,,
,,
,,
,,
,,
,,
,,
,,
,,
,,
,,
,,
,,
,,
,,
,,
,,
,,
,,
,,
,,
,,
,,
,,
,,
,,
,,
,,
,,
,,
,,
,,
,,
,,
,,
,,
,,
,,
,,
,,
,,
,,
,,
,,
,,
,,
,,
,,
,,
,,
,,
,,
,,
,,
,,
,,
,,
,,
,,
,,
,,
,,
,,
,,
,,
,,
,,
,,
,,
,,
,,
,,
,,
,,
,,
,,
,,
,,
,,
,,
,,
,,
,,
,,
,,
,,
,,
,,
,,
,,
,,
,,
,,
,,
,,
,,
,,
,,
,,
,,
,,
,,
,,
,,
,,
,,
,,
,,
,,
,,
,,
,,
,,
,,
,,
,,
,,
,,
,,
,,
,,
,,
,,
,,
,,
,,
,,
,,
,,
,,
,,
,,
,,
,,
,,
,,
,,
,,
,,
,,
,,
,,
,,
,,
,,
,,
,,
,,
,,
,,
,,
,,
,,
,,
,,
,,
,,
,,
,,
,,
,,
,,
,,
,,
,,
,,
,,
,,
,,
,,
,,
,,
,,
,,
,,
,,
,,
,,
,,
,,
,,
,,
,,
,,
,,
,,
,,
,,
,,
,,
,,
,,
,,
,,
,,
,,
,,
,,
,,
,,
,,
,,
,,
,,
,,
,,
,,
,,
,,
,,
,,
,,
,,
,,
,,
,,
,,
,,
,,
,,
,,
,,
,,
,,
,,
,,
,,
,,
,,
,,
,,
,,
,,
,,
,,
,,
,,
,,
,,
,,
,,
,,
,,
,,
,,
,,
,,
,,
,,
,,
,,
,,
,,
,,
,,
,,
,,
,,
,,
,,
,,
,,
,,
,,
,,
,,
,,
,,
,,
,,
,,
,,
,,
,,
,,
,,
,,
,,
,,
,,
,,
,,
,,
,,
,,
,,
,,
,,
,,
,,
,,
,,
,,
,,
,,
,,
,,
,,
,,
,,
,,
,,
,,
,,
,,
,,
,,
,,
,,
,,
,,
,,
,,
,,
,,
,,
,,
,,
,,
,,
,,
,,
,,
,,
,,
,,
,,
,,
,,
,,
,,
,,
,,
,,
,,
,,
,,
,,
,,
,,
,,
,,
,,
,,
,,
,,
,,
,,
,,
,,
,,
,,
,,
,,
,,
,,
,,
,,
,,
,,
,,
,,
,,
,,
,,
,,
,,
,,
,,
,,
,,
,,
,,
,,
,,
,,
,,
,,
,,
,,
,,
,,
,,
,,
,,
,,
,,
,,
,,
,,
,,
,,
,,
,,
,,
,,
